{
    "rmse": 0.8422359038750022,
    "mae": 0.67983804967305,
    "r2_score": 0.027803965144320486
}