{
    "rmse": 0.7673493221157371,
    "mae": 0.6312686077135387,
    "r2_score": 0.07810411943747042
}