{
    "rmse": 0.7823310525962339,
    "mae": 0.6480013030752224,
    "r2_score": 0.04175450908677891
}