{
    "rmse": 0.7140145558238502,
    "mae": 0.580701202448166,
    "r2_score": 0.13335359256664447
}