{
    "rmse": 0.8308660481511754,
    "mae": 0.6781956327080678,
    "r2_score": 0.03664378180317285
}