{
    "rmse": 0.8303262166119254,
    "mae": 0.6773415107731116,
    "r2_score": 0.037895201637729636
}